"BROKEN","EPIC","FAILED","FEATURE","PASSED","SKIPPED","STORY","UNKNOWN"
"0","","0","Recipes","8","0","CRUD","0"
"0","","0","Analytics","5","0","Overview","0"
"0","","0","Note Boards","2","0","Memo Dates","0"
"0","","0","Note Boards","6","0","Memo Search","0"
"0","","0","Infrastructure","3","0","Process","0"
"0","","0","Infrastructure","4","0","File System","0"
"0","","0","Recipes","2","0","Prerequisites","0"
"0","","0","Wardrobe Items","1","0","Admin Access","0"
"0","","0","Wardrobe Items","3","0","Auth Enforcement","0"
"0","","0","Note Boards","3","0","Guestbook (Migrated)","0"
"0","","0","Note Boards","2","0","Memo Agenda","0"
"0","","0","Blog","8","0","Search","0"
"0","","0","Infrastructure","2","0","Logs","0"
"0","","0","Infrastructure","4","0","Security","0"
"0","","0","Analytics","2","0","Post Stats","0"
"0","","0","Infrastructure","4","0","Network","0"
"0","","0","Recipes","4","0","List","0"
"0","","0","Blog","1","0","Reindex","0"
"0","","0","Note Boards","7","0","Memo List","0"
"0","","0","Note Boards","2","0","Memo Tags","0"
