"DESCRIPTION","DURATION IN MS","NAME","PARENT SUITE","START TIME","STATUS","STOP TIME","SUB SUITE","SUITE","TEST CLASS","TEST METHOD"
"","14","test_reorder_requires_auth","api","2026-09-27","passed","2026-09-27","TestItemsAuthEnforcement","test_items","",""
"POST /api/health should return 405 Method Not Allowed or 404.","9","test_health_check_invalid_method","ai_generated","2026-09-27","passed","2026-09-27","TestHealth","test_health_20260603","",""
"","156","test_unknown_occurrence_is_rejected","api","2026-09-27","passed","2026-09-27","TestHabitOccurrenceDelete","test_habits","",""
"","1674","test_homepage_no_console_errors[chromium]","e2e","2026-09-27","passed","2026-09-27","TestHomepage","test_blog_reading","",""
"","14","test_invalid_emoji_returns_400","api","2026-09-27","passed","2026-09-27","TestCommentReactions","test_reactions","",""
"POST /api/memo/check-reminders without token should return 401, or 200/500 if not configured.","9","test_check_reminders_unauthorized","ai_generated","2026-09-27","passed","2026-09-27","TestMemoCheckReminders","test_memo_20260531","",""
"","131","test_list_returns_array","api","2026-09-27","passed","2026-09-27","TestRecipeList","test_recipes","",""
"Secrets should not appear in the process command line.","112","test_no_sensitive_env_in_process_list[docker://arthurs-blog-test]","infra","2026-09-27","passed","2026-09-27","TestSecurity","test_container","",""
"","2271","test_recipe_page_loads[chromium]","e2e","2026-09-27","passed","2026-09-27","TestRecipePage","test_blog_reading","",""
"","2043","test_tag_page_loads[chromium]","e2e","2026-09-27","passed","2026-09-27","TestTagPage","test_listing_pages","",""
"POST /api/memo/check-reminders without Authorization header returns 401 or 500.","9","test_check_reminders_unauthorized","ai_generated","2026-09-27","passed","2026-09-27","TestMemoCheckReminders","test_memo_20260604","",""
"","332","test_memo_board_filter_by_tag","api","2026-09-27","passed","2026-09-27","TestMemoBoardList","test_note_boards","",""
"","11","test_out_of_range_score_returns_400","api","2026-09-27","passed","2026-09-27","TestRatingsHardening","test_ratings","",""
"GET /api/posts/{id}/engagement with identity query parameter.","337","test_post_engagement_with_identity_returns_correct_status","ai_generated","2026-09-27","passed","2026-09-27","TestPostEngagement","test_posts_20260607","",""
"Next.js server process must be running as PID 1.

        The standalone image runs `node server.js` directly; the kernel
        names the process ""next-server (v..."" in /proc/1/comm. We check
        for ""next"" to be robust across minor version changes.
        ","122","test_nextjs_server_process_running[docker://arthurs-blog-test]","infra","2026-09-27","passed","2026-09-27","TestProcess","test_container","",""
"POST /api/memo/check-reminders with an invalid bearer token should return 401, or 200/500 if not configured.","9","test_check_reminders_invalid_token","ai_generated","2026-09-27","passed","2026-09-27","TestMemoCheckReminders","test_memo_20260531","",""
"","251","test_search_result_fields","api","2026-09-27","passed","2026-09-27","TestMemoSearch","test_note_boards","",""
"","113","test_unknown_comment_reaction_returns_404","api","2026-09-27","passed","2026-09-27","TestCommentReactions","test_reactions","",""
"Navigation must be reachable on mobile (bottom dock must be visible).","1219","test_navbar_accessible_on_mobile[chromium]","e2e","2026-09-27","passed","2026-09-27","TestMobileViewport","test_mobile","",""
"GET /api/posts/{id}/engagement with a non-existent ID should return 404 or 500.","362","test_non_existent_post_engagement_returns_404_or_500","ai_generated","2026-09-27","passed","2026-09-27","TestPostEngagement","test_posts_20260607","",""
"POST /api/memo/check-reminders with an invalid token returns 401 or 500.","11","test_check_reminders_invalid_token","ai_generated","2026-09-27","passed","2026-09-27","TestMemoCheckReminders","test_memo_20260604","",""
"","21","test_admin_post_requires_auth[/api/admin/upload-recipe-image]","api","2026-09-27","passed","2026-09-27","TestAdminAuthEnforcement","test_admin_auth","",""
"","22","test_create_session_requires_auth","api","2026-09-27","passed","2026-09-27","TestSessionsAuthEnforcement","test_admin_auth","",""
"","267","test_search_result_fields","api","2026-09-27","passed","2026-09-27","TestBlogSearch","test_blog","",""
"","10","test_missing_author_returns_400","api","2026-09-27","passed","2026-09-27","TestRatingsValidation","test_ratings","",""
"GET /api/changelog should return 200 with latest entry, even if null.","612","test_get_changelog_latest_returns_200","ai_generated","2026-09-27","passed","2026-09-27","TestChangelog","test_changelog_20260525","",""
"Note board config is a library module, not an HTTP endpoint.","1","test_library_only","ai_generated","2026-09-27","skipped","2026-09-27","TestNoteBoardConfig","test_note_board_config_20260524","",""
"","25","test_admin_get_requires_auth[/api/admin/live2d/scan]","api","2026-09-27","passed","2026-09-27","TestAdminAuthEnforcement","test_admin_auth","",""
"","12","test_revalidate_with_wrong_secret_returns_401","api","2026-09-27","passed","2026-09-27","TestRevalidateSecret","test_admin_auth","",""
"POST /api/memo/check-reminders without token should return 401, or 200/500 if not configured.","15","test_check_reminders_unauthorized","ai_generated","2026-09-27","passed","2026-09-27","TestMemoCheckReminders","test_memo_20260524","",""
"Tag listing must contain at least one navigable blog post link.","2932","test_tag_page_has_post_links[chromium]","e2e","2026-09-27","passed","2026-09-27","TestTagPage","test_listing_pages","",""
"GET /api/memo/check-reminders should return 405 Method Not Allowed or 404.","6","test_check_reminders_invalid_method","ai_generated","2026-09-27","passed","2026-09-27","TestMemoCheckReminders","test_memo_20260525","",""
"","227","test_memo_board_pagination_limit","api","2026-09-27","passed","2026-09-27","TestMemoBoardList","test_note_boards","",""
"POST /api/memo/check-reminders with an invalid bearer token.
        
        Should return 401 if token is configured, or 200/500 if not.
        ","15","test_check_reminders_invalid_token","ai_generated","2026-09-27","passed","2026-09-27","TestMemoCheckReminders","test_memo_20260523","",""
"A blog slug that doesn't exist should render 404, not 500.","567","test_nonexistent_blog_slug_is_404[chromium]","e2e","2026-09-27","passed","2026-09-27","TestErrorPages","test_error_pages","",""
"","106","test_app_dir_not_world_writable[docker://arthurs-blog-test]","infra","2026-09-27","passed","2026-09-27","TestSecurity","test_container","",""
"","662","test_login_page_has_email_input[chromium]","e2e","2026-09-27","passed","2026-09-27","TestAuthPages","test_error_pages","",""
"","493","test_patch_recipe","api","2026-09-27","passed","2026-09-27","TestRecipeCRUD","test_recipes","",""
"","291","test_empty_ids_returns_400","api","2026-09-27","passed","2026-09-27","TestItemsBulkDelete","test_items","",""
"","942","test_spotify_page_has_navbar[chromium]","e2e","2026-09-27","passed","2026-09-27","TestSpotifyPage","test_content_pages","",""
"","287","test_memo_board_sort_priority","api","2026-09-27","passed","2026-09-27","TestMemoBoardList","test_note_boards","",""
"GET /api/changelog?view=all should return 200 and contain entries or latest key.","18","test_get_changelog_all_returns_200","ai_generated","2026-09-27","passed","2026-09-27","TestChangelog","test_changelog_20260530","",""
"","10","test_search_empty_query_returns_empty","api","2026-09-27","passed","2026-09-27","TestMemoSearch","test_note_boards","",""
"","177","test_cache_control_header_present","api","2026-09-27","passed","2026-09-27","TestBlogSearch","test_blog","",""
"","16","test_revalidate_without_secret_returns_401","api","2026-09-27","passed","2026-09-27","TestRevalidateSecret","test_admin_auth","",""
"","3643","test_blog_article_renders_on_mobile[chromium]","e2e","2026-09-27","passed","2026-09-27","TestMobileViewport","test_mobile","",""
"","1228","test_guestbook_compose_entry_point_renders[chromium]","e2e","2026-09-27","passed","2026-09-27","TestGuestbookPage","test_guestbook","",""
"","410","test_app_directory_exists[docker://arthurs-blog-test]","infra","2026-09-27","passed","2026-09-27","TestFileSystem","test_container","",""
"","210","test_search_limit_capped_at_12","api","2026-09-27","passed","2026-09-27","TestMemoSearch","test_note_boards","",""
"","18","test_admin_post_requires_auth[/api/admin/upload-image]","api","2026-09-27","passed","2026-09-27","TestAdminAuthEnforcement","test_admin_auth","",""
"","15","test_missing_identity_returns_400[/api/posts/{id}/reaction]","api","2026-09-27","passed","2026-09-27","TestReactionIdentity","test_reactions","",""
"","1866","test_category_page_loads[chromium]","e2e","2026-09-27","passed","2026-09-27","TestCategoryPage","test_listing_pages","",""
"Guestbook renders the note-board canvas (even when no notes exist).","2119","test_guestbook_note_board_renders[chromium]","e2e","2026-09-27","passed","2026-09-27","TestGuestbookPage","test_blog_reading","",""
"","239","test_search_response_shape","api","2026-09-27","passed","2026-09-27","TestBlogSearch","test_blog","",""
"","10","test_non_string_item_id_returns_400","api","2026-09-27","passed","2026-09-27","TestRatingsValidation","test_ratings","",""
"GET /api/genius with artist but missing title should return 400.","10","test_missing_title_returns_400","ai_generated","2026-09-27","passed","2026-09-27","TestGenius","test_genius_20260607","",""
"","17","test_missing_identity_returns_400[/api/comments/{id}/reaction]","api","2026-09-27","passed","2026-09-27","TestReactionIdentity","test_reactions","",""
"Clicking a blog post card on the homepage navigates to the article page with an h1.","5911","test_homepage_post_click_navigates_to_article[chromium]","e2e","2026-09-27","passed","2026-09-27","TestNavigationFlows","test_blog_reading","",""
"","764","test_search_page_loads[chromium]","e2e","2026-09-27","passed","2026-09-27","TestSearch","test_blog_reading","",""
"POST /api/memo/check-reminders with an invalid bearer token should return 401, or 200/500 if not configured.","10","test_check_reminders_invalid_token","ai_generated","2026-09-27","passed","2026-09-27","TestMemoCheckReminders","test_memo_20260524","",""
"No unexpected privileged port (< 1024) should be listening.

        Next.js internally binds ephemeral high ports for IPC — those are
        allowed. Only flag well-known port range (< 1024) surprises.
        ","96","test_no_unexpected_privileged_ports_listening[docker://arthurs-blog-test]","infra","2026-09-27","passed","2026-09-27","TestNetworking","test_container","",""
"","11","test_create_requires_admin","api","2026-09-27","passed","2026-09-27","TestRecipeCRUD","test_recipes","",""
"","227","test_search_returns_results_shape","api","2026-09-27","passed","2026-09-27","TestMemoSearch","test_note_boards","",""
"","9","test_invalid_board_slug_returns_404","api","2026-09-27","passed","2026-09-27","TestGuestbookBoard","test_note_boards","",""
"","19","test_admin_post_requires_auth[/api/admin/revalidate]","api","2026-09-27","passed","2026-09-27","TestAdminAuthEnforcement","test_admin_auth","",""
"A completely unknown URL must trigger the custom 404 page, not a server crash.","1039","test_nonexistent_route_renders_404_not_500[chromium]","e2e","2026-09-27","passed","2026-09-27","TestErrorPages","test_error_pages","",""
"","16","test_admin_post_requires_auth[/api/admin/delete-recipe-image]","api","2026-09-27","passed","2026-09-27","TestAdminAuthEnforcement","test_admin_auth","",""
"","228","test_search_cache_control_is_private","api","2026-09-27","passed","2026-09-27","TestMemoSearch","test_note_boards","",""
"","9","test_overview_invalid_range_falls_back_to_7d","api","2026-09-27","passed","2026-09-27","TestAnalyticsOverview","test_analytics","",""
"","14","test_missing_identity_returns_400[/api/comments/{id}/emoji]","api","2026-09-27","passed","2026-09-27","TestReactionIdentity","test_reactions","",""
"","25","test_missing_fields_returns_400","api","2026-09-27","passed","2026-09-27","TestHabitComplete","test_habits","",""
"","1491","test_memo_has_shell[chromium]","e2e","2026-09-27","passed","2026-09-27","TestMemoPage","test_memo","",""
"GET /api/genius with valid params should return 200, 502, or 503 depending on worker availability.","10","test_valid_request_returns_valid_status","ai_generated","2026-09-27","passed","2026-09-27","TestGenius","test_genius_20260607","",""
"GET /api/genius with title but missing artist should return 400.","11","test_missing_artist_returns_400","ai_generated","2026-09-27","passed","2026-09-27","TestGenius","test_genius_20260607","",""
"GET /api/recipes/prerequisites has no handler — only POST (admin).
        Verify the route exists but GET returns 405, not 404.
        ","13","test_prerequisites_get_is_not_defined","api","2026-09-27","passed","2026-09-27","TestRecipePrerequisites","test_recipes","",""
"GET /api/memo/check-reminders should return 405 Method Not Allowed or 404.","8","test_check_reminders_invalid_method","ai_generated","2026-09-27","passed","2026-09-27","TestMemoCheckReminders","test_memo_20260524","",""
"","112","test_unknown_comment_emoji_returns_404","api","2026-09-27","passed","2026-09-27","TestCommentReactions","test_reactions","",""
"","1183","test_memo_page_loads[chromium]","e2e","2026-09-27","passed","2026-09-27","TestMemoPage","test_blog_reading","",""
"Verify the app responds to HTTP requests (indicates no crash).","263","test_no_crash_in_recent_output[docker://arthurs-blog-test]","infra","2026-09-27","passed","2026-09-27","TestLogging","test_container","",""
"","344","test_search_pagination_params","api","2026-09-27","passed","2026-09-27","TestBlogSearch","test_blog","",""
"","22","test_patch_session_requires_auth","api","2026-09-27","passed","2026-09-27","TestSessionsAuthEnforcement","test_admin_auth","",""
"Memo habits server is a library module, not an HTTP endpoint.","0","test_library_only","ai_generated","2026-09-27","skipped","2026-09-27","TestMemoHabitsServer","test_memo_habits_server_20260526","",""
"","16","test_missing_item_id_returns_400","api","2026-09-27","passed","2026-09-27","TestRatingsValidation","test_ratings","",""
"","1174","test_memo_search_control_renders[chromium]","e2e","2026-09-27","passed","2026-09-27","TestMemoPage","test_memo","",""
"","7","test_post_stats_missing_slug","api","2026-09-27","passed","2026-09-27","TestAnalyticsPost","test_analytics","",""
"","10","test_prerequisites_post_requires_admin","api","2026-09-27","passed","2026-09-27","TestRecipePrerequisites","test_recipes","",""
"GET /api/genius without title or artist should return 400.","15","test_missing_params_returns_400","ai_generated","2026-09-27","passed","2026-09-27","TestGenius","test_genius_20260607","",""
"POST /api/memo/check-reminders with an invalid bearer token should return 401, or 200/500 if not configured.","14","test_check_reminders_invalid_token","ai_generated","2026-09-27","passed","2026-09-27","TestMemoCheckReminders","test_memo_20260525","",""
"Login page must render an email/password form.","944","test_login_page_renders_form[chromium]","e2e","2026-09-27","passed","2026-09-27","TestAuthPages","test_error_pages","",""
"Memo habits server is a library module, not an HTTP endpoint.","0","test_library_only","ai_generated","2026-09-27","skipped","2026-09-27","TestMemoHabitsServer","test_memo_habits_server_20260529","",""
"","389","test_create_duplicate_slug_returns_409","api","2026-09-27","passed","2026-09-27","TestRecipeCRUD","test_recipes","",""
"GET /api/now-watching/posters with custom page and perPage parameters.","11","test_get_posters_custom_params","ai_generated","2026-09-27","passed","2026-09-27","TestNowWatchingPosters","test_now_watching_20260607","",""
"","783","test_search_page_accessible_on_mobile[chromium]","e2e","2026-09-27","passed","2026-09-27","TestMobileViewport","test_mobile","",""
"GET /api/life-gallery/image/[...key] with nonexistent key returns 404 or 500.","120","test_nonexistent_key_returns_404_or_500","ai_generated","2026-09-27","passed","2026-09-27","TestLifeGalleryImage","test_life_gallery_20260607","",""
"","9","test_missing_score_returns_400","api","2026-09-27","passed","2026-09-27","TestRatingsValidation","test_ratings","",""
"","1735","test_invalid_login_does_not_crash[chromium]","e2e","2026-09-27","passed","2026-09-27","TestAuthBoundary","test_auth_boundary","",""
"","17","test_admin_post_requires_auth[/api/admin/now-watching/revalidate]","api","2026-09-27","passed","2026-09-27","TestAdminAuthEnforcement","test_admin_auth","",""
"PATCH /api/sessions/{token}/rankings with unauthenticated client returns 403.","18","test_public_client_is_forbidden","ai_generated","2026-09-27","passed","2026-09-27","TestSessionsRankings","test_sessions_20260607","",""
"","1084","test_spotify_page_loads[chromium]","e2e","2026-09-27","passed","2026-09-27","TestSpotifyPage","test_content_pages","",""
"Page must not exceed viewport width (horizontal scroll on mobile is a layout bug).","3122","test_homepage_no_horizontal_overflow[chromium]","e2e","2026-09-27","passed","2026-09-27","TestMobileViewport","test_mobile","",""
"Markdown themes is a library module, not an HTTP endpoint.","0","test_library_only","ai_generated","2026-09-27","skipped","2026-09-27","TestMarkdownThemes","test_markdown_themes_20260529","",""
"","1522","test_homepage_has_navbar[chromium]","e2e","2026-09-27","passed","2026-09-27","TestHomepage","test_blog_reading","",""
"","10","test_empty_query_returns_empty","api","2026-09-27","passed","2026-09-27","TestBlogSearch","test_blog","",""
"","212","test_create_missing_title_returns_400","api","2026-09-27","passed","2026-09-27","TestRecipeCRUD","test_recipes","",""
"","1104","test_trend_radar_page_has_navbar[chromium]","e2e","2026-09-27","passed","2026-09-27","TestTrendRadarPage","test_content_pages","",""
"","1010","test_spotify_page_has_main[chromium]","e2e","2026-09-27","passed","2026-09-27","TestSpotifyPage","test_content_pages","",""
"GET /api/comments/viewer-state with valid target but no identity should return an empty list.","18","test_missing_identity_returns_empty_list","ai_generated","2026-09-27","passed","2026-09-27","TestCommentsViewerState","test_comments_20260607","",""
"GET /api/now-watching/posters handles out-of-bounds parameters gracefully by bounding them.","10","test_get_posters_bound_constraints","ai_generated","2026-09-27","passed","2026-09-27","TestNowWatchingPosters","test_now_watching_20260607","",""
"PID 1 must not run as root — verified via /proc/1/status.","99","test_process_runs_as_non_root[docker://arthurs-blog-test]","infra","2026-09-27","passed","2026-09-27","TestSecurity","test_container","",""
"","13","test_admin_post_requires_auth[/api/admin/config]","api","2026-09-27","passed","2026-09-27","TestAdminAuthEnforcement","test_admin_auth","",""
"GET /api/me without credentials returns 200 with null user details.","31","test_unauthenticated_session","ai_generated","2026-09-27","passed","2026-09-27","TestMe","test_me_20260607","",""
"","340","test_memo_board_response_shape","api","2026-09-27","passed","2026-09-27","TestMemoBoardList","test_note_boards","",""
"POST /api/changelog should return 405 Method Not Allowed or 404.","20","test_changelog_invalid_method","ai_generated","2026-09-27","passed","2026-09-27","TestChangelog","test_changelog_20260525","",""
"Article page must render an h1 heading (article title).","2365","test_blog_article_renders_heading[chromium]","e2e","2026-09-27","passed","2026-09-27","TestBlogArticlePage","test_blog_reading","",""
"","1267","test_guestbook_has_shell[chromium]","e2e","2026-09-27","passed","2026-09-27","TestGuestbookPage","test_guestbook","",""
"Archive year page must contain post links from that year.","676","test_archive_page_has_post_links[chromium]","e2e","2026-09-27","skipped","2026-09-27","TestArchivePage","test_listing_pages","",""
"Health check: GET / returns HTTP 200.","1948","test_health_endpoint_responds_200[docker://arthurs-blog-test]","infra","2026-09-27","passed","2026-09-27","TestNetworking","test_container","",""
"","628","test_memo_board_returns_200","api","2026-09-27","passed","2026-09-27","TestMemoBoardList","test_note_boards","",""
"Write and delete a probe file using node (touch is not in alpine).","137","test_cache_directory_writable[docker://arthurs-blog-test]","infra","2026-09-27","passed","2026-09-27","TestFileSystem","test_container","",""
"","18","test_delete_session_requires_auth","api","2026-09-27","passed","2026-09-27","TestSessionsAuthEnforcement","test_admin_auth","",""
"GET /api/changelog should return 200 and have latest key in response.","12","test_get_changelog_latest_returns_200","ai_generated","2026-09-27","passed","2026-09-27","TestChangelog","test_changelog_20260530","",""
"","99","test_static_files_exist[docker://arthurs-blog-test]","infra","2026-09-27","passed","2026-09-27","TestFileSystem","test_container","",""
"","8","test_below_range_score_returns_400","api","2026-09-27","passed","2026-09-27","TestRatingsHardening","test_ratings","",""
"Navigation must still be accessible on 404 pages.","1023","test_404_page_navbar_survives[chromium]","e2e","2026-09-27","passed","2026-09-27","TestErrorPages","test_error_pages","",""
"","169","test_get_nonexistent_recipe_returns_404","api","2026-09-27","passed","2026-09-27","TestRecipeCRUD","test_recipes","",""
"","116","test_list_items_have_required_fields","api","2026-09-27","passed","2026-09-27","TestRecipeList","test_recipes","",""
"","12","test_author_too_long_returns_400","api","2026-09-27","passed","2026-09-27","TestRatingsHardening","test_ratings","",""
"","14","test_missing_identity_returns_400[/api/posts/{id}/emoji]","api","2026-09-27","passed","2026-09-27","TestReactionIdentity","test_reactions","",""
"","944","test_delete_recipe","api","2026-09-27","passed","2026-09-27","TestRecipeCRUD","test_recipes","",""
"","12","test_overview_7d_range","api","2026-09-27","passed","2026-09-27","TestAnalyticsOverview","test_analytics","",""
"Clicking a category link on an article page navigates to the category listing.","5077","test_article_category_link_navigates[chromium]","e2e","2026-09-27","passed","2026-09-27","TestNavigationFlows","test_blog_reading","",""
"","1071","test_memo_loads[chromium]","e2e","2026-09-27","passed","2026-09-27","TestMemoPage","test_memo","",""
"PATCH /api/sessions/{token}/rankings with missing fields returns 400.","558","test_missing_required_fields_returns_400","ai_generated","2026-09-27","passed","2026-09-27","TestSessionsRankings","test_sessions_20260607","",""
"","9","test_overview_30d_range","api","2026-09-27","passed","2026-09-27","TestAnalyticsOverview","test_analytics","",""
"POST /api/blog/reindex has no auth check — it is intentionally open.
        Verify it returns 200 and a JSON summary (not a 4xx/5xx).
        ","2623","test_reindex_accepts_post","api","2026-09-27","passed","2026-09-27","TestBlogReindex","test_blog","",""
"","14","test_post_items_is_protected","api","2026-09-27","passed","2026-09-27","TestItemsAuthEnforcement","test_items","",""
"Clicking a post in the category listing navigates to the article.","5878","test_category_post_link_navigates[chromium]","e2e","2026-09-27","passed","2026-09-27","TestCategoryPage","test_listing_pages","",""
"","222","test_archive_page_loads[chromium]","e2e","2026-09-27","passed","2026-09-27","TestArchivePage","test_listing_pages","",""
"","588","test_admin_sees_all_recipes","api","2026-09-27","passed","2026-09-27","TestRecipeList","test_recipes","",""
"POST /api/memo/check-reminders with the correct token if configured.
        
        Uses dynamic environment access to follow the strict imports policy.
        ","11","test_check_reminders_with_token","ai_generated","2026-09-27","passed","2026-09-27","TestMemoCheckReminders","test_memo_20260523","",""
"Search page without a query should show a search prompt, not an error.","1013","test_search_empty_query_shows_prompt[chromium]","e2e","2026-09-27","passed","2026-09-27","TestSearch","test_blog_reading","",""
"","31","test_admin_get_requires_auth[/api/admin/config]","api","2026-09-27","passed","2026-09-27","TestAdminAuthEnforcement","test_admin_auth","",""
"","12","test_guestbook_list_returns_410","api","2026-09-27","passed","2026-09-27","TestGuestbookBoard","test_note_boards","",""
"","4144","test_admin_settings_redirects_anonymous_away[chromium]","e2e","2026-09-27","passed","2026-09-27","TestAuthBoundary","test_auth_boundary","",""
"","16","test_overview_returns_json","api","2026-09-27","passed","2026-09-27","TestAnalyticsOverview","test_analytics","",""
"","413","test_search_returns_json","api","2026-09-27","passed","2026-09-27","TestBlogSearch","test_blog","",""
"Homepage should render at least one blog post card with a navigable link.","2575","test_homepage_has_post_links[chromium]","e2e","2026-09-27","passed","2026-09-27","TestHomepage","test_blog_reading","",""
"","237","test_non_array_ids_returns_400","api","2026-09-27","passed","2026-09-27","TestItemsBulkDelete","test_items","",""
"GET /api/health should return 200 or 503 depending on database status.","655","test_health_check_returns_valid_status","ai_generated","2026-09-27","passed","2026-09-27","TestHealth","test_health_20260603","",""
"Memo habits server is a library module, not an HTTP endpoint.","0","test_library_only","ai_generated","2026-09-27","skipped","2026-09-27","TestMemoHabitsServer","test_memo_habits_server_20260524","",""
"","14","test_requires_admin_auth","api","2026-09-27","passed","2026-09-27","TestItemsBulkDelete","test_items","",""
"","663","test_memo_board_sort_time_desc","api","2026-09-27","passed","2026-09-27","TestMemoBoardList","test_note_boards","",""
"Container's main process should be alive.","94","test_process_has_uptime[docker://arthurs-blog-test]","infra","2026-09-27","passed","2026-09-27","TestProcess","test_container","",""
"","982","test_guestbook_loads[chromium]","e2e","2026-09-27","passed","2026-09-27","TestGuestbookPage","test_guestbook","",""
"","316","test_get_recipe_by_slug","api","2026-09-27","passed","2026-09-27","TestRecipeCRUD","test_recipes","",""
"","900","test_login_page_renders_form[chromium]","e2e","2026-09-27","passed","2026-09-27","TestAuthBoundary","test_auth_boundary","",""
"Navigating to /search?q=memo should render article links in the result list.","2464","test_search_url_shows_results[chromium]","e2e","2026-09-27","passed","2026-09-27","TestSearch","test_blog_reading","",""
"","2475","test_trend_radar_page_loads[chromium]","e2e","2026-09-27","passed","2026-09-27","TestTrendRadarPage","test_content_pages","",""
"","14","test_post_stats_returns_json","api","2026-09-27","passed","2026-09-27","TestAnalyticsPost","test_analytics","",""
"","11","test_post_items_requires_auth","api","2026-09-27","passed","2026-09-27","TestItemsAuthEnforcement","test_items","",""
"DELETE /api/items/[id] returns 404 for an unknown UUID.","702","test_delete_nonexistent_item_returns_404","api","2026-09-27","passed","2026-09-27","TestItemsAdminAccess","test_items","",""
"","13","test_message_too_long_returns_400","api","2026-09-27","passed","2026-09-27","TestContactValidation","test_contact","",""
"PATCH /api/sessions/{token}/rankings with non-existent token returns 404 or 500.","707","test_non_existent_session_returns_404_or_500","ai_generated","2026-09-27","passed","2026-09-27","TestSessionsRankings","test_sessions_20260607","",""
"","9","test_search_short_query_returns_empty","api","2026-09-27","passed","2026-09-27","TestMemoSearch","test_note_boards","",""
"","724","test_now_watching_page_loads[chromium]","e2e","2026-09-27","passed","2026-09-27","TestNowWatchingPage","test_content_pages","",""
"","8","test_missing_token_is_rejected","api","2026-09-27","passed","2026-09-27","TestCheckRemindersAuth","test_memo","",""
"GET /api/me with admin credentials returns 200 with admin user details.","697","test_authenticated_admin_session","ai_generated","2026-09-27","passed","2026-09-27","TestMe","test_me_20260607","",""
"","116","test_list_only_published_for_public","api","2026-09-27","passed","2026-09-27","TestRecipeList","test_recipes","",""
"","822","test_memo_page_accessible_on_mobile[chromium]","e2e","2026-09-27","passed","2026-09-27","TestMobileViewport","test_mobile","",""
"","104","test_agenda_response_is_array","api","2026-09-27","passed","2026-09-27","TestMemoAgenda","test_note_boards","",""
"","252","test_missing_ids_returns_400","api","2026-09-27","passed","2026-09-27","TestItemsBulkDelete","test_items","",""
"GET /api/now-watching/posters should return a paginated list of posters or 500 if unconfigured.","63","test_get_posters_default_params","ai_generated","2026-09-27","passed","2026-09-27","TestNowWatchingPosters","test_now_watching_20260607","",""
"PATCH /api/sessions/{token}/rankings with duplicate items returns 400.","408","test_duplicate_rankings_returns_400","ai_generated","2026-09-27","passed","2026-09-27","TestSessionsRankings","test_sessions_20260607","",""
"POST /api/memo/check-reminders without Authorization header.
        
        Should return 401 if token is configured, or 200/500 if not.
        ","17","test_check_reminders_no_token_status","ai_generated","2026-09-27","passed","2026-09-27","TestMemoCheckReminders","test_memo_20260523","",""
"GET /api/comments/viewer-state should return 400 if target_type or target_id is missing.","14","test_missing_params_returns_400","ai_generated","2026-09-27","passed","2026-09-27","TestCommentsViewerState","test_comments_20260607","",""
"","9","test_overview_with_timezone","api","2026-09-27","passed","2026-09-27","TestAnalyticsOverview","test_analytics","",""
"Queries shorter than SEARCH_MIN_QUERY_LENGTH return empty results without error.","11","test_short_query_returns_empty","api","2026-09-27","passed","2026-09-27","TestBlogSearch","test_blog","",""
"POST/PUT/DELETE to /api/changelog should return 400, 404, or 405.","11","test_changelog_invalid_method","ai_generated","2026-09-27","passed","2026-09-27","TestChangelog","test_changelog_20260530","",""
"GET /api/memo/check-reminders returns 401, 405, or 500.","9","test_check_reminders_wrong_method","ai_generated","2026-09-27","passed","2026-09-27","TestMemoCheckReminders","test_memo_20260604","",""
"Next.js should log startup messages.","2113","test_app_produces_stdout_output[docker://arthurs-blog-test]","infra","2026-09-27","passed","2026-09-27","TestLogging","test_container","",""
"","208","test_unowned_note_is_rejected","api","2026-09-27","passed","2026-09-27","TestHabitComplete","test_habits","",""
"Ntfy is a library module, not an HTTP endpoint.","0","test_library_only","ai_generated","2026-09-27","skipped","2026-09-27","TestNtfy","test_ntfy_20260525","",""
"POST /api/memo/check-reminders without token should return 401, or 200/500 if not configured.","10","test_check_reminders_unauthorized","ai_generated","2026-09-27","passed","2026-09-27","TestMemoCheckReminders","test_memo_20260525","",""
"","427","test_api_search_endpoint_reachable[docker://arthurs-blog-test]","infra","2026-09-27","passed","2026-09-27","TestNetworking","test_container","",""
"","738","test_login_page_has_password_input[chromium]","e2e","2026-09-27","passed","2026-09-27","TestAuthPages","test_error_pages","",""
"","3149","test_trend_radar_page_has_main[chromium]","e2e","2026-09-27","passed","2026-09-27","TestTrendRadarPage","test_content_pages","",""
"Dockerfile creates a 'nextjs' user for running the app.","102","test_nextjs_user_exists[docker://arthurs-blog-test]","infra","2026-09-27","passed","2026-09-27","TestSecurity","test_container","",""
"","252","test_memo_board_archived_filter","api","2026-09-27","passed","2026-09-27","TestMemoBoardList","test_note_boards","",""
"","105","test_agenda_returns_200","api","2026-09-27","passed","2026-09-27","TestMemoAgenda","test_note_boards","",""
"Standalone build output must be present.","103","test_next_build_output_exists[docker://arthurs-blog-test]","infra","2026-09-27","passed","2026-09-27","TestFileSystem","test_container","",""
"GET /api/life-gallery/round should return 200 or 500.","28","test_get_round_returns_valid_response","ai_generated","2026-09-27","passed","2026-09-27","TestLifeGalleryRound","test_life_gallery_20260607","",""
"GET /api/life-gallery/image/[...key] with key not starting with Gallery/ returns 400.","19","test_invalid_key_returns_400","ai_generated","2026-09-27","passed","2026-09-27","TestLifeGalleryImage","test_life_gallery_20260607","",""
"Next.js must listen on port 3000 inside the container.

        Uses /proc/net/tcp and /proc/net/tcp6 because ss/netstat are not
        present in the minimal node-alpine image.
        ","97","test_app_port_listening_inside_container[docker://arthurs-blog-test]","infra","2026-09-27","passed","2026-09-27","TestNetworking","test_container","",""
"No zombie (defunct) processes should exist.","97","test_no_zombie_processes[docker://arthurs-blog-test]","infra","2026-09-27","passed","2026-09-27","TestProcess","test_container","",""
"","1942","test_homepage_loads[chromium]","e2e","2026-09-27","passed","2026-09-27","TestHomepage","test_blog_reading","",""
"","840","test_special_characters_do_not_crash","api","2026-09-27","passed","2026-09-27","TestBlogSearch","test_blog","",""
"","721","test_create_recipe","api","2026-09-27","passed","2026-09-27","TestRecipeCRUD","test_recipes","",""
"","1728","test_homepage_loads_on_mobile[chromium]","e2e","2026-09-27","passed","2026-09-27","TestMobileViewport","test_mobile","",""
"GET /api/changelog?view=all should return 200 with entries array.","166","test_get_changelog_all_returns_200","ai_generated","2026-09-27","passed","2026-09-27","TestChangelog","test_changelog_20260525","",""
"","231","test_unowned_note_is_rejected","api","2026-09-27","passed","2026-09-27","TestHabitDelay","test_habits","",""
"Suspense streaming should resolve and render the note-board canvas.","3632","test_memo_page_streaming_completes[chromium]","e2e","2026-09-27","passed","2026-09-27","TestMemoPage","test_blog_reading","",""
"","45","test_missing_fields_returns_400","api","2026-09-27","passed","2026-09-27","TestContactValidation","test_contact","",""
"Site themes is a library module, not an HTTP endpoint.","0","test_library_only","ai_generated","2026-09-27","skipped","2026-09-27","TestSiteThemes","test_site_themes_20260530","",""
"Book shell container should be present after page load.","3549","test_recipe_book_shell_rendered[chromium]","e2e","2026-09-27","passed","2026-09-27","TestRecipePage","test_blog_reading","",""
"GET /api/health should have Cache-Control header set to no-store, max-age=0.","404","test_health_check_headers","ai_generated","2026-09-27","passed","2026-09-27","TestHealth","test_health_20260603","",""
"","3671","test_blog_article_has_navbar[chromium]","e2e","2026-09-27","passed","2026-09-27","TestBlogArticlePage","test_blog_reading","",""
"","8","test_wrong_token_is_rejected","api","2026-09-27","passed","2026-09-27","TestCheckRemindersAuth","test_memo","",""
"","1309","test_tag_page_has_navbar[chromium]","e2e","2026-09-27","passed","2026-09-27","TestTagPage","test_listing_pages","",""
"Category listing must contain navigable blog post links.","3504","test_category_page_has_post_links[chromium]","e2e","2026-09-27","passed","2026-09-27","TestCategoryPage","test_listing_pages","",""
"","1050","test_guestbook_page_loads[chromium]","e2e","2026-09-27","passed","2026-09-27","TestGuestbookPage","test_blog_reading","",""
"","640","test_bogus_uuid_is_noop_204","api","2026-09-27","passed","2026-09-27","TestItemsBulkDelete","test_items","",""
"GET /api/memo/check-reminders should return 404 or 405.","8","test_check_reminders_invalid_method","ai_generated","2026-09-27","passed","2026-09-27","TestMemoCheckReminders","test_memo_20260531","",""
"Clicking a search result navigates to the correct article page.","3420","test_search_result_click_navigates_to_article[chromium]","e2e","2026-09-27","passed","2026-09-27","TestNavigationFlows","test_blog_reading","",""
"","3932","test_now_watching_page_has_content[chromium]","e2e","2026-09-27","passed","2026-09-27","TestNowWatchingPage","test_content_pages","",""
"","10","test_guestbook_post_returns_410","api","2026-09-27","passed","2026-09-27","TestGuestbookBoard","test_note_boards","",""
"","2461","test_blog_article_loads[chromium]","e2e","2026-09-27","passed","2026-09-27","TestBlogArticlePage","test_blog_reading","",""
"Memo habits is a library module, not an HTTP endpoint.","0","test_library_only","ai_generated","2026-09-27","skipped","2026-09-27","TestMemoHabits","test_memo_habits_20260524","",""
"","21","test_missing_fields_returns_400","api","2026-09-27","passed","2026-09-27","TestHabitDelay","test_habits","",""
